{
  "metadata": {
    "title": "Datos de Ejemplo en JSON",
    "created": "2025-07-27T21:16:39.903771",
    "version": "1.0"
  },
  "records": [
    {
      "id_estudiante": "EST_0001",
      "edad": 23,
      "genero": "Femenino",
      "carrera": "Administración",
      "ciudad": "Bilbao",
      "horas_estudio_semanal": 19.0,
      "horas_trabajo_semanal": 12.1,
      "trabaja": true,
      "nota_promedio": 7.06,
      "satisfaccion_carrera": 8.6,
      "ingresos_familia_euros": 11893.14,
      "fecha_encuesta": "2025-07-06"
    },
    {
      "id_estudiante": "EST_0002",
      "edad": 20,
      "genero": "Masculino",
      "carrera": "Ingeniería",
      "ciudad": "Madrid",
      "horas_estudio_semanal": 31.0,
      "horas_trabajo_semanal": 0.0,
      "trabaja": false,
      "nota_promedio": 4.02,
      "satisfaccion_carrera": 3.9,
      "ingresos_familia_euros": 3873.2,
      "fecha_encuesta": "2025-03-15"
    },
    {
      "id_estudiante": "EST_0003",
      "edad": 26,
      "genero": "Masculino",
      "carrera": "Medicina",
      "ciudad": "Sevilla",
      "horas_estudio_semanal": 31.6,
      "horas_trabajo_semanal": 0.0,
      "trabaja": false,
      "nota_promedio": 7.9,
      "satisfaccion_carrera": 7.9,
      "ingresos_familia_euros": 5571.73,
      "fecha_encuesta": "2025-06-23"
    },
    {
      "id_estudiante": "EST_0004",
      "edad": 19,
      "genero": "Femenino",
      "carrera": "Psicología",
      "ciudad": "Barcelona",
      "horas_estudio_semanal": 35.9,
      "horas_trabajo_semanal": 0.0,
      "trabaja": false,
      "nota_promedio": 7.54,
      "satisfaccion_carrera": 8.7,
      "ingresos_familia_euros": 9039.14,
      "fecha_encuesta": "2025-01-19"
    },
    {
      "id_estudiante": "EST_0005",
      "edad": 24,
      "genero": "Masculino",
      "carrera": "Administración",
      "ciudad": "Barcelona",
      "horas_estudio_semanal": 32.8,
      "horas_trabajo_semanal": 9.8,
      "trabaja": true,
      "nota_promedio": 10.0,
      "satisfaccion_carrera": 10.0,
      "ingresos_familia_euros": NaN,
      "fecha_encuesta": "2025-03-21"
    },
    {
      "id_estudiante": "EST_0006",
      "edad": 23,
      "genero": "Femenino",
      "carrera": "Ingeniería",
      "ciudad": "Valencia",
      "horas_estudio_semanal": 20.1,
      "horas_trabajo_semanal": 9.5,
      "trabaja": true,
      "nota_promedio": 8.42,
      "satisfaccion_carrera": 6.9,
      "ingresos_familia_euros": 14042.22,
      "fecha_encuesta": "2025-06-23"
    },
    {
      "id_estudiante": "EST_0007",
      "edad": 18,
      "genero": "Femenino",
      "carrera": "Administración",
      "ciudad": "Málaga",
      "horas_estudio_semanal": 29.3,
      "horas_trabajo_semanal": 10.2,
      "trabaja": true,
      "nota_promedio": 8.18,
      "satisfaccion_carrera": 7.3,
      "ingresos_familia_euros": 7515.58,
      "fecha_encuesta": "2025-04-23"
    },
    {
      "id_estudiante": "EST_0008",
      "edad": 19,
      "genero": "Femenino",
      "carrera": "Derecho",
      "ciudad": "Bilbao",
      "horas_estudio_semanal": 16.9,
      "horas_trabajo_semanal": 0.0,
      "trabaja": false,
      "nota_promedio": 7.48,
      "satisfaccion_carrera": 8.4,
      "ingresos_familia_euros": 9550.76,
      "fecha_encuesta": "2024-08-31"
    },
    {
      "id_estudiante": "EST_0009",
      "edad": 19,
      "genero": "Masculino",
      "carrera": "Educación",
      "ciudad": "Madrid",
      "horas_estudio_semanal": 33.5,
      "horas_trabajo_semanal": 0.0,
      "trabaja": false,
      "nota_promedio": 6.73,
      "satisfaccion_carrera": 5.9,
      "ingresos_familia_euros": 6289.76,
      "fecha_encuesta": "2024-12-06"
    },
    {
      "id_estudiante": "EST_0010",
      "edad": 23,
      "genero": "Masculino",
      "carrera": "Ingeniería",
      "ciudad": "Sevilla",
      "horas_estudio_semanal": 22.9,
      "horas_trabajo_semanal": 15.5,
      "trabaja": true,
      "nota_promedio": 7.34,
      "satisfaccion_carrera": 5.4,
      "ingresos_familia_euros": 7996.37,
      "fecha_encuesta": "2024-12-16"
    },
    {
      "id_estudiante": "EST_0011",
      "edad": 20,
      "genero": "Femenino",
      "carrera": "Derecho",
      "ciudad": "Málaga",
      "horas_estudio_semanal": 13.3,
      "horas_trabajo_semanal": 0.0,
      "trabaja": false,
      "nota_promedio": 7.44,
      "satisfaccion_carrera": 8.2,
      "ingresos_familia_euros": 12034.3,
      "fecha_encuesta": "2024-11-30"
    },
    {
      "id_estudiante": "EST_0012",
      "edad": 19,
      "genero": "Femenino",
      "carrera": "Ingeniería",
      "ciudad": "Sevilla",
      "horas_estudio_semanal": 25.8,
      "horas_trabajo_semanal": 0.0,
      "trabaja": false,
      "nota_promedio": 10.0,
      "satisfaccion_carrera": 10.0,
      "ingresos_familia_euros": 11603.52,
      "fecha_encuesta": "2025-03-22"
    },
    {
      "id_estudiante": "EST_0013",
      "edad": 19,
      "genero": "Femenino",
      "carrera": "Ingeniería",
      "ciudad": "Valencia",
      "horas_estudio_semanal": 21.8,
      "horas_trabajo_semanal": 0.0,
      "trabaja": false,
      "nota_promedio": 6.57,
      "satisfaccion_carrera": 5.3,
      "ingresos_familia_euros": 9079.1,
      "fecha_encuesta": "2025-03-10"
    },
    {
      "id_estudiante": "EST_0014",
      "edad": 25,
      "genero": "Femenino",
      "carrera": "Derecho",
      "ciudad": "Madrid",
      "horas_estudio_semanal": 14.4,
      "horas_trabajo_semanal": 0.0,
      "trabaja": false,
      "nota_promedio": 8.47,
      "satisfaccion_carrera": 8.6,
      "ingresos_familia_euros": 12840.16,
      "fecha_encuesta": "2025-04-15"
    },
    {
      "id_estudiante": "EST_0015",
      "edad": 21,
      "genero": "Femenino",
      "carrera": "Derecho",
      "ciudad": "Málaga",
      "horas_estudio_semanal": 10.1,
      "horas_trabajo_semanal": 13.1,
      "trabaja": true,
      "nota_promedio": 4.04,
      "satisfaccion_carrera": 3.2,
      "ingresos_familia_euros": 8083.43,
      "fecha_encuesta": "2025-01-14"
    },
    {
      "id_estudiante": "EST_0016",
      "edad": 24,
      "genero": "Masculino",
      "carrera": "Derecho",
      "ciudad": "Málaga",
      "horas_estudio_semanal": 16.1,
      "horas_trabajo_semanal": 0.0,
      "trabaja": false,
      "nota_promedio": 9.49,
      "satisfaccion_carrera": 9.4,
      "ingresos_familia_euros": 9610.16,
      "fecha_encuesta": "2024-10-15"
    },
    {
      "id_estudiante": "EST_0017",
      "edad": 26,
      "genero": "Femenino",
      "carrera": "Psicología",
      "ciudad": "Bilbao",
      "horas_estudio_semanal": 47.8,
      "horas_trabajo_semanal": 16.6,
      "trabaja": true,
      "nota_promedio": 10.0,
      "satisfaccion_carrera": 10.0,
      "ingresos_familia_euros": 8913.3,
      "fecha_encuesta": "2024-09-29"
    },
    {
      "id_estudiante": "EST_0018",
      "edad": 23,
      "genero": "Otro",
      "carrera": "Derecho",
      "ciudad": "Sevilla",
      "horas_estudio_semanal": 32.8,
      "horas_trabajo_semanal": 0.0,
      "trabaja": false,
      "nota_promedio": 7.73,
      "satisfaccion_carrera": 7.4,
      "ingresos_familia_euros": 5099.9,
      "fecha_encuesta": "2024-08-02"
    },
    {
      "id_estudiante": "EST_0019",
      "edad": 20,
      "genero": "Masculino",
      "carrera": "Medicina",
      "ciudad": "Málaga",
      "horas_estudio_semanal": 10.3,
      "horas_trabajo_semanal": 23.9,
      "trabaja": true,
      "nota_promedio": 4.65,
      "satisfaccion_carrera": 3.5,
      "ingresos_familia_euros": 10146.53,
      "fecha_encuesta": "2025-07-15"
    },
    {
      "id_estudiante": "EST_0020",
      "edad": 18,
      "genero": "Masculino",
      "carrera": "Educación",
      "ciudad": "Málaga",
      "horas_estudio_semanal": 21.8,
      "horas_trabajo_semanal": 0.0,
      "trabaja": false,
      "nota_promedio": 8.46,
      "satisfaccion_carrera": 7.7,
      "ingresos_familia_euros": NaN,
      "fecha_encuesta": "2025-05-26"
    },
    {
      "id_estudiante": "EST_0021",
      "edad": 20,
      "genero": "Masculino",
      "carrera": "Educación",
      "ciudad": "Valencia",
      "horas_estudio_semanal": 25.6,
      "horas_trabajo_semanal": 0.0,
      "trabaja": false,
      "nota_promedio": 7.89,
      "satisfaccion_carrera": 7.2,
      "ingresos_familia_euros": 11382.12,
      "fecha_encuesta": "2024-08-12"
    },
    {
      "id_estudiante": "EST_0022",
      "edad": 28,
      "genero": "Femenino",
      "carrera": "Administración",
      "ciudad": "Barcelona",
      "horas_estudio_semanal": 4.7,
      "horas_trabajo_semanal": 0.0,
      "trabaja": false,
      "nota_promedio": 7.53,
      "satisfaccion_carrera": 6.9,
      "ingresos_familia_euros": 12409.49,
      "fecha_encuesta": "2025-04-02"
    },
    {
      "id_estudiante": "EST_0023",
      "edad": 21,
      "genero": "Femenino",
      "carrera": "Ingeniería",
      "ciudad": "Barcelona",
      "horas_estudio_semanal": 19.1,
      "horas_trabajo_semanal": 15.9,
      "trabaja": true,
      "nota_promedio": 6.67,
      "satisfaccion_carrera": 6.3,
      "ingresos_familia_euros": 7315.07,
      "fecha_encuesta": "2025-05-20"
    },
    {
      "id_estudiante": "EST_0024",
      "edad": 23,
      "genero": "Femenino",
      "carrera": "Derecho",
      "ciudad": "Sevilla",
      "horas_estudio_semanal": 27.3,
      "horas_trabajo_semanal": 0.0,
      "trabaja": false,
      "nota_promedio": 5.67,
      "satisfaccion_carrera": 4.9,
      "ingresos_familia_euros": 11493.61,
      "fecha_encuesta": "2024-11-20"
    },
    {
      "id_estudiante": "EST_0025",
      "edad": 23,
      "genero": "Femenino",
      "carrera": "Administración",
      "ciudad": "Sevilla",
      "horas_estudio_semanal": 14.5,
      "horas_trabajo_semanal": 19.5,
      "trabaja": true,
      "nota_promedio": 7.1,
      "satisfaccion_carrera": 9.5,
      "ingresos_familia_euros": 9921.78,
      "fecha_encuesta": "2025-02-18"
    },
    {
      "id_estudiante": "EST_0026",
      "edad": 22,
      "genero": "Masculino",
      "carrera": "Psicología",
      "ciudad": "Madrid",
      "horas_estudio_semanal": 46.3,
      "horas_trabajo_semanal": 0.0,
      "trabaja": false,
      "nota_promedio": 8.58,
      "satisfaccion_carrera": 8.4,
      "ingresos_familia_euros": 10874.31,
      "fecha_encuesta": "2025-07-16"
    },
    {
      "id_estudiante": "EST_0027",
      "edad": 22,
      "genero": "Masculino",
      "carrera": "Administración",
      "ciudad": "Barcelona",
      "horas_estudio_semanal": 13.8,
      "horas_trabajo_semanal": 0.0,
      "trabaja": false,
      "nota_promedio": 6.64,
      "satisfaccion_carrera": 6.6,
      "ingresos_familia_euros": 3435.05,
      "fecha_encuesta": "2024-12-23"
    },
    {
      "id_estudiante": "EST_0028",
      "edad": 20,
      "genero": "Masculino",
      "carrera": "Ingeniería",
      "ciudad": "Valencia",
      "horas_estudio_semanal": 24.8,
      "horas_trabajo_semanal": 0.0,
      "trabaja": false,
      "nota_promedio": 8.86,
      "satisfaccion_carrera": 10.0,
      "ingresos_familia_euros": 6028.26,
      "fecha_encuesta": "2025-01-26"
    },
    {
      "id_estudiante": "EST_0029",
      "edad": 24,
      "genero": "Masculino",
      "carrera": "Ingeniería",
      "ciudad": "Madrid",
      "horas_estudio_semanal": 38.1,
      "horas_trabajo_semanal": 0.0,
      "trabaja": false,
      "nota_promedio": 9.38,
      "satisfaccion_carrera": 10.0,
      "ingresos_familia_euros": NaN,
      "fecha_encuesta": "2025-05-13"
    },
    {
      "id_estudiante": "EST_0030",
      "edad": 23,
      "genero": "Femenino",
      "carrera": "Psicología",
      "ciudad": "Valencia",
      "horas_estudio_semanal": 16.5,
      "horas_trabajo_semanal": 0.0,
      "trabaja": false,
      "nota_promedio": 6.88,
      "satisfaccion_carrera": 7.1,
      "ingresos_familia_euros": 5418.81,
      "fecha_encuesta": "2025-03-06"
    },
    {
      "id_estudiante": "EST_0031",
      "edad": 19,
      "genero": "Femenino",
      "carrera": "Administración",
      "ciudad": "Valencia",
      "horas_estudio_semanal": 17.0,
      "horas_trabajo_semanal": 16.2,
      "trabaja": true,
      "nota_promedio": 7.73,
      "satisfaccion_carrera": 8.3,
      "ingresos_familia_euros": 15977.56,
      "fecha_encuesta": "2025-03-28"
    },
    {
      "id_estudiante": "EST_0032",
      "edad": 20,
      "genero": "Masculino",
      "carrera": "Administración",
      "ciudad": "Bilbao",
      "horas_estudio_semanal": 10.4,
      "horas_trabajo_semanal": 0.0,
      "trabaja": false,
      "nota_promedio": 7.58,
      "satisfaccion_carrera": 7.4,
      "ingresos_familia_euros": 3389.23,
      "fecha_encuesta": "2025-02-11"
    },
    {
      "id_estudiante": "EST_0033",
      "edad": 25,
      "genero": "Masculino",
      "carrera": "Medicina",
      "ciudad": "Valencia",
      "horas_estudio_semanal": 15.0,
      "horas_trabajo_semanal": 0.0,
      "trabaja": false,
      "nota_promedio": 6.96,
      "satisfaccion_carrera": 6.7,
      "ingresos_familia_euros": 9521.99,
      "fecha_encuesta": "2025-01-18"
    },
    {
      "id_estudiante": "EST_0034",
      "edad": 19,
      "genero": "Femenino",
      "carrera": "Ingeniería",
      "ciudad": "Madrid",
      "horas_estudio_semanal": 25.1,
      "horas_trabajo_semanal": 0.0,
      "trabaja": false,
      "nota_promedio": 7.89,
      "satisfaccion_carrera": 7.1,
      "ingresos_familia_euros": 8203.0,
      "fecha_encuesta": "2025-06-04"
    },
    {
      "id_estudiante": "EST_0035",
      "edad": 23,
      "genero": "Femenino",
      "carrera": "Ingeniería",
      "ciudad": "Valencia",
      "horas_estudio_semanal": 34.8,
      "horas_trabajo_semanal": 0.0,
      "trabaja": false,
      "nota_promedio": 7.1,
      "satisfaccion_carrera": 7.9,
      "ingresos_familia_euros": 7488.61,
      "fecha_encuesta": "2025-06-17"
    },
    {
      "id_estudiante": "EST_0036",
      "edad": 18,
      "genero": "Masculino",
      "carrera": "Derecho",
      "ciudad": "Málaga",
      "horas_estudio_semanal": 10.1,
      "horas_trabajo_semanal": 0.0,
      "trabaja": false,
      "nota_promedio": 9.02,
      "satisfaccion_carrera": 8.6,
      "ingresos_familia_euros": 18813.74,
      "fecha_encuesta": "2024-11-19"
    },
    {
      "id_estudiante": "EST_0037",
      "edad": 18,
      "genero": "Masculino",
      "carrera": "Ingeniería",
      "ciudad": "Málaga",
      "horas_estudio_semanal": 14.0,
      "horas_trabajo_semanal": 0.0,
      "trabaja": false,
      "nota_promedio": 7.57,
      "satisfaccion_carrera": 7.5,
      "ingresos_familia_euros": 9300.45,
      "fecha_encuesta": "2024-09-20"
    },
    {
      "id_estudiante": "EST_0038",
      "edad": 22,
      "genero": "Femenino",
      "carrera": "Ingeniería",
      "ciudad": "Bilbao",
      "horas_estudio_semanal": 28.1,
      "horas_trabajo_semanal": 0.0,
      "trabaja": false,
      "nota_promedio": 9.77,
      "satisfaccion_carrera": 8.2,
      "ingresos_familia_euros": 4087.57,
      "fecha_encuesta": "2025-05-17"
    },
    {
      "id_estudiante": "EST_0039",
      "edad": 23,
      "genero": "Masculino",
      "carrera": "Medicina",
      "ciudad": "Barcelona",
      "horas_estudio_semanal": 24.1,
      "horas_trabajo_semanal": 0.0,
      "trabaja": false,
      "nota_promedio": 9.84,
      "satisfaccion_carrera": 9.3,
      "ingresos_familia_euros": 9965.22,
      "fecha_encuesta": "2025-05-23"
    },
    {
      "id_estudiante": "EST_0040",
      "edad": 26,
      "genero": "Femenino",
      "carrera": "Educación",
      "ciudad": "Sevilla",
      "horas_estudio_semanal": 27.4,
      "horas_trabajo_semanal": 0.0,
      "trabaja": false,
      "nota_promedio": 8.11,
      "satisfaccion_carrera": 10.0,
      "ingresos_familia_euros": 9187.48,
      "fecha_encuesta": "2025-06-28"
    },
    {
      "id_estudiante": "EST_0041",
      "edad": 20,
      "genero": "Femenino",
      "carrera": "Derecho",
      "ciudad": "Madrid",
      "horas_estudio_semanal": 33.0,
      "horas_trabajo_semanal": 0.0,
      "trabaja": false,
      "nota_promedio": 7.74,
      "satisfaccion_carrera": 6.1,
      "ingresos_familia_euros": 8078.01,
      "fecha_encuesta": "2025-04-08"
    },
    {
      "id_estudiante": "EST_0042",
      "edad": 23,
      "genero": "Masculino",
      "carrera": "Derecho",
      "ciudad": "Málaga",
      "horas_estudio_semanal": 30.6,
      "horas_trabajo_semanal": 0.0,
      "trabaja": false,
      "nota_promedio": 6.04,
      "satisfaccion_carrera": 7.7,
      "ingresos_familia_euros": 8282.1,
      "fecha_encuesta": "2024-10-24"
    },
    {
      "id_estudiante": "EST_0043",
      "edad": 25,
      "genero": "Masculino",
      "carrera": "Psicología",
      "ciudad": "Barcelona",
      "horas_estudio_semanal": 10.1,
      "horas_trabajo_semanal": 15.2,
      "trabaja": true,
      "nota_promedio": 6.55,
      "satisfaccion_carrera": 5.3,
      "ingresos_familia_euros": 21641.38,
      "fecha_encuesta": "2024-12-01"
    },
    {
      "id_estudiante": "EST_0044",
      "edad": 18,
      "genero": "Masculino",
      "carrera": "Ingeniería",
      "ciudad": "Barcelona",
      "horas_estudio_semanal": 22.0,
      "horas_trabajo_semanal": 16.0,
      "trabaja": true,
      "nota_promedio": 7.67,
      "satisfaccion_carrera": 8.5,
      "ingresos_familia_euros": 8387.54,
      "fecha_encuesta": "2025-01-22"
    },
    {
      "id_estudiante": "EST_0045",
      "edad": 26,
      "genero": "Masculino",
      "carrera": "Derecho",
      "ciudad": "Málaga",
      "horas_estudio_semanal": 34.0,
      "horas_trabajo_semanal": 0.0,
      "trabaja": false,
      "nota_promedio": 6.98,
      "satisfaccion_carrera": 6.8,
      "ingresos_familia_euros": 5510.75,
      "fecha_encuesta": "2025-03-24"
    },
    {
      "id_estudiante": "EST_0046",
      "edad": 23,
      "genero": "Masculino",
      "carrera": "Ingeniería",
      "ciudad": "Bilbao",
      "horas_estudio_semanal": 33.8,
      "horas_trabajo_semanal": 0.0,
      "trabaja": false,
      "nota_promedio": 10.0,
      "satisfaccion_carrera": 10.0,
      "ingresos_familia_euros": 8422.69,
      "fecha_encuesta": "2025-05-06"
    },
    {
      "id_estudiante": "EST_0047",
      "edad": 19,
      "genero": "Masculino",
      "carrera": "Administración",
      "ciudad": "Málaga",
      "horas_estudio_semanal": 29.2,
      "horas_trabajo_semanal": 14.0,
      "trabaja": true,
      "nota_promedio": 8.25,
      "satisfaccion_carrera": 6.6,
      "ingresos_familia_euros": 10386.78,
      "fecha_encuesta": "2025-04-07"
    },
    {
      "id_estudiante": "EST_0048",
      "edad": 20,
      "genero": "Masculino",
      "carrera": "Ingeniería",
      "ciudad": "Valencia",
      "horas_estudio_semanal": 0.0,
      "horas_trabajo_semanal": 0.0,
      "trabaja": false,
      "nota_promedio": 5.97,
      "satisfaccion_carrera": 6.4,
      "ingresos_familia_euros": 7766.27,
      "fecha_encuesta": "2025-05-27"
    },
    {
      "id_estudiante": "EST_0049",
      "edad": 22,
      "genero": "Femenino",
      "carrera": "Derecho",
      "ciudad": "Bilbao",
      "horas_estudio_semanal": 18.4,
      "horas_trabajo_semanal": 0.0,
      "trabaja": false,
      "nota_promedio": 8.58,
      "satisfaccion_carrera": 7.8,
      "ingresos_familia_euros": 3286.44,
      "fecha_encuesta": "2025-04-29"
    },
    {
      "id_estudiante": "EST_0050",
      "edad": 21,
      "genero": "Femenino",
      "carrera": "Psicología",
      "ciudad": "Bilbao",
      "horas_estudio_semanal": 14.9,
      "horas_trabajo_semanal": 12.0,
      "trabaja": true,
      "nota_promedio": 7.41,
      "satisfaccion_carrera": 6.5,
      "ingresos_familia_euros": 6685.67,
      "fecha_encuesta": "2025-06-20"
    }
  ]
}